{
    "seed": 230,
    "learning_rate": 1e-3,
    "weight_decay": 0.01,
    "grad_clip_value": 1.0,
    "batch_size": 32,
    "num_epochs": 30,
    "warmup": 1,
    "soft_bootstrapping_beta": 0.95,
    "clip_loss_weight": 1.0,
    "focal_loss_weight": 1.0,
    "save_summary_steps": 100,
    "fbeta": 1.0,
    "num_workers": 0,
    "in_chans": 2,
    "window_size": 1024,
    "hop_length": 256,
    "sample_rate": 24000,
    "fmin": 400,
    "fmax": 6000,
    "n_mels": 128,
    "power": 2,
    "top_db": 80,
    "backbone": "eca_nfnet_l0",
    "pretrained": 1,
    "n_classes": 1,
    "label_smoothing": 0.01,
    "dropout_rate": 0.1,
    "aug_sounds_path": "data/short_audio",
    "decoder_pyramid_channels": 128,
    "decoder_segmentation_channels": 64,
    "decoder_merge_policy": "cat",
    "mixup_beta": 0.1,
    "box_width": 21
}
